package,license_url,license
filippo.io/edwards25519,https://github.com/FiloSottile/edwards25519/blob/v1.1.0/LICENSE,BSD-3-Clause
github.com/PixelCores/Eruun,https://github.com/PixelCores/Eruun/blob/HEAD/LICENSE,MIT
github.com/alibabacloud-go/darabonba-openapi/client,https://github.com/alibabacloud-go/darabonba-openapi/blob/master/LICENSE,Apache-2.0
github.com/alibabacloud-go/debug/debug,https://github.com/alibabacloud-go/debug/blob/v1.0.1/LICENSE,Apache-2.0
github.com/alibabacloud-go/endpoint-util/service,https://github.com/alibabacloud-go/endpoint-util/blob/master/LICENSE,Apache-2.0
github.com/alibabacloud-go/nas-20170626/v2/client,https://github.com/alibabacloud-go/nas-20170626/blob/master/LICENSE,Apache-2.0
github.com/alibabacloud-go/openapi-util/service,https://github.com/alibabacloud-go/openapi-util/blob/v0.1.0/LICENSE,Apache-2.0
github.com/alibabacloud-go/tea,https://github.com/alibabacloud-go/tea/blob/v1.3.13/LICENSE,Apache-2.0
github.com/alibabacloud-go/tea-utils/service,https://github.com/alibabacloud-go/tea-utils/blob/master/LICENSE,Apache-2.0
github.com/alicebob/gopher-json,https://github.com/alicebob/gopher-json/blob/906a9b012302/LICENSE,Unlicense
github.com/alicebob/miniredis/v2,https://github.com/alicebob/miniredis/blob/v2.34.0/LICENSE,MIT
github.com/alicebob/miniredis/v2/fpconv,https://github.com/alicebob/miniredis/blob/v2.34.0/fpconv/LICENSE.txt,BSL-1.0
github.com/alicebob/miniredis/v2/geohash,https://github.com/alicebob/miniredis/blob/v2.34.0/geohash/LICENSE,MIT
github.com/alicebob/miniredis/v2/hyperloglog,https://github.com/alicebob/miniredis/blob/v2.34.0/hyperloglog/LICENSE,MIT
github.com/alicebob/miniredis/v2/metro,https://github.com/alicebob/miniredis/blob/v2.34.0/metro/LICENSE,MIT
github.com/aliyun/credentials-go,https://github.com/aliyun/credentials-go/blob/v1.4.12/LICENSE,Apache-2.0
github.com/barnettZQG/inject,https://github.com/barnettZQG/inject/blob/v0.0.1/license,MIT
github.com/beorn7/perks/quantile,https://github.com/beorn7/perks/blob/v1.0.1/LICENSE,MIT
github.com/cespare/xxhash/v2,https://github.com/cespare/xxhash/blob/v2.3.0/LICENSE.txt,MIT
github.com/davecgh/go-spew/spew,https://github.com/davecgh/go-spew/blob/d8f796af33cc/LICENSE,ISC
github.com/dgryski/go-rendezvous,https://github.com/dgryski/go-rendezvous/blob/9f7001d12a5f/LICENSE,MIT
github.com/emicklei/go-restful/v3,https://github.com/emicklei/go-restful/blob/v3.12.2/LICENSE,MIT
github.com/evanphx/json-patch/v5,https://github.com/evanphx/json-patch/blob/v5.9.0/v5/LICENSE,BSD-3-Clause
github.com/facebookgo/structtag,https://github.com/facebookgo/structtag/blob/217e25fb9691/license,BSD-3-Clause
github.com/fatih/color,https://github.com/fatih/color/blob/v1.15.0/LICENSE.md,MIT
github.com/fsnotify/fsnotify,https://github.com/fsnotify/fsnotify/blob/v1.7.0/LICENSE,BSD-3-Clause
github.com/fxamacker/cbor/v2,https://github.com/fxamacker/cbor/blob/v2.9.0/LICENSE,MIT
github.com/gabriel-vasile/mimetype,https://github.com/gabriel-vasile/mimetype/blob/v1.4.9/LICENSE,MIT
github.com/gin-contrib/sse,https://github.com/gin-contrib/sse/blob/v1.1.0/LICENSE,MIT
github.com/gin-gonic/gin,https://github.com/gin-gonic/gin/blob/v1.10.1/LICENSE,MIT
github.com/go-logr/logr,https://github.com/go-logr/logr/blob/v1.4.3/LICENSE,Apache-2.0
github.com/go-logr/stdr,https://github.com/go-logr/stdr/blob/v1.2.2/LICENSE,Apache-2.0
github.com/go-openapi/jsonpointer,https://github.com/go-openapi/jsonpointer/blob/v0.21.0/LICENSE,Apache-2.0
github.com/go-openapi/jsonreference,https://github.com/go-openapi/jsonreference/blob/v0.20.2/LICENSE,Apache-2.0
github.com/go-openapi/swag,https://github.com/go-openapi/swag/blob/v0.23.0/LICENSE,Apache-2.0
github.com/go-playground/locales,https://github.com/go-playground/locales/blob/v0.14.1/LICENSE,MIT
github.com/go-playground/universal-translator,https://github.com/go-playground/universal-translator/blob/v0.18.1/LICENSE,MIT
github.com/go-playground/validator/v10,https://github.com/go-playground/validator/blob/v10.26.0/LICENSE,MIT
github.com/go-redsync/redsync/v4,https://github.com/go-redsync/redsync/blob/v4.13.0/LICENSE,BSD-3-Clause
github.com/go-sql-driver/mysql,https://github.com/go-sql-driver/mysql/blob/v1.8.1/LICENSE,MPL-2.0
github.com/gogo/protobuf,https://github.com/gogo/protobuf/blob/v1.3.2/LICENSE,BSD-3-Clause
github.com/google/gnostic-models,https://github.com/google/gnostic-models/blob/v0.7.0/LICENSE,Apache-2.0
github.com/google/uuid,https://github.com/google/uuid/blob/v1.6.0/LICENSE,BSD-3-Clause
github.com/gorilla/websocket,https://github.com/gorilla/websocket/blob/e064f32e3674/LICENSE,BSD-2-Clause
github.com/hashicorp/errwrap,https://github.com/hashicorp/errwrap/blob/v1.1.0/LICENSE,MPL-2.0
github.com/hashicorp/go-multierror,https://github.com/hashicorp/go-multierror/blob/v1.1.1/LICENSE,MPL-2.0
github.com/jinzhu/inflection,https://github.com/jinzhu/inflection/blob/v1.0.0/LICENSE,MIT
github.com/jinzhu/now,https://github.com/jinzhu/now/blob/v1.1.5/License,MIT
github.com/josharian/intern,https://github.com/josharian/intern/blob/v1.0.0/license.md,MIT
github.com/json-iterator/go,https://github.com/json-iterator/go/blob/v1.1.12/LICENSE,MIT
github.com/klauspost/compress,https://github.com/klauspost/compress/blob/v1.15.9/LICENSE,Apache-2.0
github.com/klauspost/compress,https://github.com/klauspost/compress/blob/v1.15.9/LICENSE,BSD-3-Clause
github.com/klauspost/compress,https://github.com/klauspost/compress/blob/v1.15.9/LICENSE,MIT
github.com/klauspost/compress/internal/snapref,https://github.com/klauspost/compress/blob/v1.15.9/internal/snapref/LICENSE,BSD-3-Clause
github.com/klauspost/compress/s2,https://github.com/klauspost/compress/blob/v1.15.9/s2/LICENSE,BSD-3-Clause
github.com/klauspost/compress/snappy,https://github.com/klauspost/compress/blob/v1.15.9/snappy/LICENSE,BSD-3-Clause
github.com/klauspost/compress/zstd/internal/xxhash,https://github.com/klauspost/compress/blob/v1.15.9/zstd/internal/xxhash/LICENSE.txt,MIT
github.com/leodido/go-urn,https://github.com/leodido/go-urn/blob/v1.4.0/LICENSE,MIT
github.com/mailru/easyjson,https://github.com/mailru/easyjson/blob/v0.7.7/LICENSE,MIT
github.com/mattn/go-colorable,https://github.com/mattn/go-colorable/blob/v0.1.13/LICENSE,MIT
github.com/mattn/go-isatty,https://github.com/mattn/go-isatty/blob/v0.0.20/LICENSE,MIT
github.com/moby/spdystream,https://github.com/moby/spdystream/blob/v0.5.1/LICENSE,Apache-2.0
github.com/moby/spdystream/spdy,https://github.com/moby/spdystream/blob/v0.5.1/spdy/LICENSE,BSD-3-Clause
github.com/modern-go/concurrent,https://github.com/modern-go/concurrent/blob/bacd9c7ef1dd/LICENSE,Apache-2.0
github.com/modern-go/reflect2,https://github.com/modern-go/reflect2/blob/35a7c28c31ee/LICENSE,Apache-2.0
github.com/munnerz/goautoneg,https://github.com/munnerz/goautoneg/blob/a7dc8b61c822/LICENSE,BSD-3-Clause
github.com/mxk/go-flowrate/flowrate,https://github.com/mxk/go-flowrate/blob/cca7078d478f/LICENSE,BSD-3-Clause
github.com/pelletier/go-toml/v2,https://github.com/pelletier/go-toml/blob/v2.2.4/LICENSE,MIT
github.com/pierrec/lz4/v4,https://github.com/pierrec/lz4/blob/v4.1.15/LICENSE,BSD-3-Clause
github.com/pkg/errors,https://github.com/pkg/errors/blob/v0.9.1/LICENSE,BSD-2-Clause
github.com/pmezard/go-difflib/difflib,https://github.com/pmezard/go-difflib/blob/5d4384ee4fb2/LICENSE,BSD-3-Clause
github.com/prometheus/client_golang/prometheus,https://github.com/prometheus/client_golang/blob/v1.19.1/LICENSE,Apache-2.0
github.com/prometheus/client_model/go,https://github.com/prometheus/client_model/blob/v0.6.1/LICENSE,Apache-2.0
github.com/prometheus/common,https://github.com/prometheus/common/blob/v0.55.0/LICENSE,Apache-2.0
github.com/prometheus/procfs,https://github.com/prometheus/procfs/blob/v0.15.1/LICENSE,Apache-2.0
github.com/redis/go-redis/v9,https://github.com/redis/go-redis/blob/v9.7.3/LICENSE,BSD-2-Clause
github.com/robfig/cron/v3,https://github.com/robfig/cron/blob/v3.0.1/LICENSE,MIT
github.com/segmentio/kafka-go,https://github.com/segmentio/kafka-go/blob/v0.4.49/LICENSE,MIT
github.com/spf13/cobra,https://github.com/spf13/cobra/blob/v1.8.1/LICENSE.txt,Apache-2.0
github.com/spf13/pflag,https://github.com/spf13/pflag/blob/v1.0.6/LICENSE,BSD-3-Clause
github.com/stretchr/testify,https://github.com/stretchr/testify/blob/v1.11.1/LICENSE,MIT
github.com/tjfoc/gmsm/sm3,https://github.com/tjfoc/gmsm/blob/v1.4.1/LICENSE,Apache-2.0
github.com/ugorji/go/codec,https://github.com/ugorji/go/blob/codec/v1.3.0/codec/LICENSE,MIT
github.com/x448/float16,https://github.com/x448/float16/blob/v0.8.4/LICENSE,MIT
github.com/yuin/gopher-lua,https://github.com/yuin/gopher-lua/blob/v1.1.1/LICENSE,MIT
go.opentelemetry.io/auto/sdk,https://github.com/open-telemetry/opentelemetry-go-instrumentation/blob/sdk/v1.2.1/sdk/LICENSE,Apache-2.0
go.opentelemetry.io/contrib/instrumentation/github.com/gin-gonic/gin/otelgin,https://github.com/open-telemetry/opentelemetry-go-contrib/blob/instrumentation/github.com/gin-gonic/gin/otelgin/v0.62.0/instrumentation/github.com/gin-gonic/gin/otelgin/LICENSE,Apache-2.0
go.opentelemetry.io/otel,https://github.com/open-telemetry/opentelemetry-go/blob/v1.43.0/LICENSE,Apache-2.0
go.opentelemetry.io/otel,https://github.com/open-telemetry/opentelemetry-go/blob/v1.43.0/LICENSE,BSD-3-Clause
go.opentelemetry.io/otel/exporters/jaeger,https://github.com/open-telemetry/opentelemetry-go/blob/exporters/jaeger/v1.17.0/exporters/jaeger/LICENSE,Apache-2.0
go.opentelemetry.io/otel/exporters/jaeger/internal/third_party/thrift/lib/go/thrift,https://github.com/open-telemetry/opentelemetry-go/blob/exporters/jaeger/v1.17.0/exporters/jaeger/internal/third_party/thrift/LICENSE,Apache-2.0 AND BSD-3-Clause AND FSFAP
go.opentelemetry.io/otel/metric,https://github.com/open-telemetry/opentelemetry-go/blob/metric/v1.43.0/metric/LICENSE,Apache-2.0
go.opentelemetry.io/otel/metric,https://github.com/open-telemetry/opentelemetry-go/blob/metric/v1.43.0/metric/LICENSE,BSD-3-Clause
go.opentelemetry.io/otel/sdk,https://github.com/open-telemetry/opentelemetry-go/blob/sdk/v1.43.0/sdk/LICENSE,Apache-2.0
go.opentelemetry.io/otel/sdk,https://github.com/open-telemetry/opentelemetry-go/blob/sdk/v1.43.0/sdk/LICENSE,BSD-3-Clause
go.opentelemetry.io/otel/trace,https://github.com/open-telemetry/opentelemetry-go/blob/trace/v1.43.0/trace/LICENSE,Apache-2.0
go.opentelemetry.io/otel/trace,https://github.com/open-telemetry/opentelemetry-go/blob/trace/v1.43.0/trace/LICENSE,BSD-3-Clause
go.yaml.in/yaml/v2,https://github.com/yaml/go-yaml/blob/v2.4.2/LICENSE,Apache-2.0
go.yaml.in/yaml/v3,https://github.com/yaml/go-yaml/blob/v3.0.4/LICENSE,MIT
golang.org/x/crypto/sha3,https://cs.opensource.google/go/x/crypto/+/v0.52.0:LICENSE,BSD-3-Clause
golang.org/x/exp/maps,https://cs.opensource.google/go/x/exp/+/f3d0a9c9:LICENSE,BSD-3-Clause
golang.org/x/net,https://cs.opensource.google/go/x/net/+/v0.54.0:LICENSE,BSD-3-Clause
golang.org/x/oauth2,https://cs.opensource.google/go/x/oauth2/+/v0.27.0:LICENSE,BSD-3-Clause
golang.org/x/sync,https://cs.opensource.google/go/x/sync/+/v0.20.0:LICENSE,BSD-3-Clause
golang.org/x/sys,https://cs.opensource.google/go/x/sys/+/v0.45.0:LICENSE,BSD-3-Clause
golang.org/x/term,https://cs.opensource.google/go/x/term/+/v0.43.0:LICENSE,BSD-3-Clause
golang.org/x/text,https://cs.opensource.google/go/x/text/+/v0.37.0:LICENSE,BSD-3-Clause
golang.org/x/time/rate,https://cs.opensource.google/go/x/time/+/v0.9.0:LICENSE,BSD-3-Clause
gomodules.xyz/jsonpatch/v2,https://github.com/gomodules/jsonpatch/blob/v2.4.0/v2/LICENSE,Apache-2.0
google.golang.org/protobuf,https://github.com/protocolbuffers/protobuf-go/blob/v1.36.6/LICENSE,BSD-3-Clause
gopkg.in/evanphx/json-patch.v4,https://github.com/evanphx/json-patch/blob/v4.12.0/LICENSE,BSD-3-Clause
gopkg.in/inf.v0,https://github.com/go-inf/inf/blob/v0.9.1/LICENSE,BSD-3-Clause
gopkg.in/ini.v1,https://github.com/go-ini/ini/blob/v1.67.0/LICENSE,Apache-2.0
gopkg.in/yaml.v3,https://github.com/go-yaml/yaml/blob/v3.0.1/LICENSE,MIT
gorm.io/driver/mysql,https://github.com/go-gorm/mysql/blob/v1.6.0/License,MIT
gorm.io/gorm,https://github.com/go-gorm/gorm/blob/v1.31.2/LICENSE,MIT
k8s.io/api,https://github.com/kubernetes/api/blob/v0.34.0/LICENSE,Apache-2.0
k8s.io/apiextensions-apiserver/pkg/apis/apiextensions,https://github.com/kubernetes/apiextensions-apiserver/blob/v0.31.1/LICENSE,Apache-2.0
k8s.io/apimachinery/pkg,https://github.com/kubernetes/apimachinery/blob/v0.34.0/LICENSE,Apache-2.0
k8s.io/apimachinery/third_party/forked/golang,https://github.com/kubernetes/apimachinery/blob/v0.34.0/third_party/forked/golang/LICENSE,BSD-3-Clause
k8s.io/client-go,https://github.com/kubernetes/client-go/blob/v0.34.0/LICENSE,Apache-2.0
k8s.io/component-base/cli/flag,https://github.com/kubernetes/component-base/blob/v0.31.1/LICENSE,Apache-2.0
k8s.io/klog/v2,https://github.com/kubernetes/klog/blob/v2.130.1/LICENSE,Apache-2.0
k8s.io/kube-openapi/pkg,https://github.com/kubernetes/kube-openapi/blob/f3f2b991d03b/LICENSE,Apache-2.0
k8s.io/kube-openapi/pkg/internal/third_party/go-json-experiment/json,https://github.com/kubernetes/kube-openapi/blob/f3f2b991d03b/pkg/internal/third_party/go-json-experiment/json/LICENSE,BSD-3-Clause
k8s.io/kube-openapi/pkg/validation/spec,https://github.com/kubernetes/kube-openapi/blob/f3f2b991d03b/pkg/validation/spec/LICENSE,Apache-2.0
k8s.io/utils,https://github.com/kubernetes/utils/blob/4c0f3b243397/LICENSE,Apache-2.0
k8s.io/utils/internal/third_party/forked/golang,https://github.com/kubernetes/utils/blob/4c0f3b243397/internal/third_party/forked/golang/LICENSE,BSD-3-Clause
sigs.k8s.io/controller-runtime,https://github.com/kubernetes-sigs/controller-runtime/blob/v0.19.1/LICENSE,Apache-2.0
sigs.k8s.io/json,https://github.com/kubernetes-sigs/json/blob/cfa47c3a1cc8/LICENSE,Apache-2.0
sigs.k8s.io/json,https://github.com/kubernetes-sigs/json/blob/cfa47c3a1cc8/LICENSE,BSD-3-Clause
sigs.k8s.io/randfill,https://github.com/kubernetes-sigs/randfill/blob/v1.0.0/LICENSE,Apache-2.0
sigs.k8s.io/structured-merge-diff/v6,https://github.com/kubernetes-sigs/structured-merge-diff/blob/v6.3.0/LICENSE,Apache-2.0
sigs.k8s.io/yaml,https://github.com/kubernetes-sigs/yaml/blob/v1.6.0/LICENSE,Apache-2.0
sigs.k8s.io/yaml,https://github.com/kubernetes-sigs/yaml/blob/v1.6.0/LICENSE,BSD-3-Clause
sigs.k8s.io/yaml,https://github.com/kubernetes-sigs/yaml/blob/v1.6.0/LICENSE,MIT
